trip_id,start_lat,start_lon,end_lat,end_lon,start_time,distance_km,travel_time_minutes
0,28.756219177689587,77.35874158543344,28.550856921298685,77.02103939242984,2025-06-05 14:59:43.105881,40.09,72.02
1,28.70731021254126,77.01381679349021,28.515417991864854,77.39059455304088,2024-11-30 18:59:43.106153,42.52,172.09
2,28.514069242139243,77.11375301730442,28.766161019598314,77.02226357858768,2025-03-13 05:59:43.106167,29.42,76.72
3,28.416464684965458,77.2526401598604,28.81345387273874,77.23951346183387,2025-09-29 09:59:43.106175,44.16,155.33
4,28.79097210922409,77.2193761903245,28.440481692810767,77.25344168129729,2025-09-26 13:59:43.106180,39.11,74.14
5,28.48238302543457,77.11981627201602,28.707225741917476,77.35489160661848,2025-01-27 17:59:43.106186,33.94,92.15
6,28.6763034183564,77.11081944520154,28.525356410329543,77.19691747317422,2025-01-18 15:59:43.106191,18.77,59.39
7,28.447030418430103,77.38527497748056,28.55968866011611,77.0698874521054,2024-12-24 04:59:43.106200,33.27,58.03
8,28.69475955585137,77.0599224458061,28.568422147200835,77.00931280356103,2025-09-15 07:59:43.106205,14.89,27.55
9,28.592527276815318,77.38763787056484,28.419193989957364,77.07558796825535,2025-09-10 08:59:43.106210,36.07,173.96
10,28.60291768831269,77.26355819975855,28.73310162983308,77.38206095980841,2025-09-07 19:59:43.106214,18.53,41.12
11,28.49138642714321,77.01983941270447,28.7570775199253,77.25454215303456,2024-11-22 01:59:43.106219,37.38,84.62
12,28.605971455548403,77.28403629352,28.71678630953557,77.01806947515325,2025-05-09 06:59:43.106224,28.73,56.9
13,28.703641827945923,77.16846896435615,28.597993674054262,77.333803080283,2025-07-27 05:59:43.106229,19.96,55.88
14,28.74701392751555,77.34645118297884,28.785046027492683,77.16162174119057,2025-07-12 13:59:43.106233,18.51,38.23
15,28.451146126577456,77.04797967878801,28.752448589729113,77.08281174363836,2025-01-31 20:59:43.106238,33.68,99.03
16,28.76565244393538,77.28071154224385,28.439032191223593,77.3176872694655,2025-04-26 20:59:43.106242,36.5,130.47
17,28.805994736149444,77.21114629537692,28.612268308875066,77.05401967344201,2025-02-01 04:59:43.106247,26.44,85.55
18,28.592912000605118,77.33939181108536,28.448403130196507,77.05140929291264,2025-09-26 04:59:43.106252,32.4,64.37
19,28.56379055693726,77.17330119946647,28.6634183609085,77.38797255191427,2025-07-01 23:59:43.106258,23.7,69.84
20,28.526813624024182,77.35562784465692,28.74637009356632,77.33933116210704,2025-01-30 14:59:43.106263,24.47,52.75
21,28.56614305371956,77.08210964538675,28.716891325987977,77.28468296946407,2024-12-22 18:59:43.106268,25.92,59.59
22,28.652929195395753,77.20762566339779,28.560499152137176,77.32430852124688,2025-04-08 18:59:43.106272,15.34,59.0
23,28.70872071873304,77.26470033505309,28.75908791531188,77.11140156023933,2024-11-15 16:59:43.106278,15.96,46.55
24,28.785226997679562,77.06173559985197,28.543628078134418,77.34506434463007,2025-07-15 14:59:43.106283,38.55,75.75
25,28.454806754195346,77.2859642502802,28.74146736700063,77.39852038230855,2025-04-19 04:59:43.106288,33.72,103.51
26,28.422830307427155,77.33130056006725,28.41924852501015,77.20446543692917,2025-03-12 11:59:43.106292,12.41,27.3
27,28.80401475452065,77.31001048155932,28.547216090096548,77.1424634596452,2024-10-25 12:59:43.106297,32.9,81.54
28,28.773970580787296,77.20523798016609,28.52116474877471,77.16751579696297,2025-04-10 00:59:43.106302,28.35,67.6
29,28.536150398223146,77.23312068043482,28.808545579201887,77.34321882020879,2025-05-04 09:59:43.106308,32.14,143.72
30,28.596515074155008,77.17526752574344,28.56205209055959,77.05435802576388,2024-12-05 00:59:43.106312,12.41,19.92
31,28.574117248429094,77.31396447583823,28.64238147045906,77.21212981360956,2025-09-08 10:59:43.106317,12.51,36.15
32,28.618266564305202,77.37745868965916,28.56333715853046,77.01864313285651,2025-03-21 16:59:43.106321,35.56,82.1
33,28.617952955912255,77.08293740468173,28.58291445444631,77.33777045258266,2025-08-01 13:59:43.106325,25.18,64.7
34,28.741657084742645,77.21706346423733,28.525643132274485,77.10777572218971,2025-04-07 01:59:43.106330,26.28,85.24
35,28.66803076678732,77.1948765308167,28.507931375059883,77.11258501380773,2025-06-10 18:59:43.106334,19.53,40.42
36,28.51811628715393,77.20832152129067,28.532562303761367,77.39319487037895,2025-03-13 02:59:43.106339,18.13,41.39
37,28.79959078928405,77.23882617643403,28.434254610970335,77.24059260320237,2025-05-29 21:59:43.106343,40.62,104.0
38,28.42486278278733,77.20126147183879,28.80698093748962,77.00975978765257,2025-06-18 20:59:43.106348,46.42,125.26
39,28.79642237903143,77.23552066109323,28.513986158197447,77.17638130839296,2025-01-23 21:59:43.106353,31.93,55.65
40,28.677528432962816,77.06770625856109,28.498462365840776,77.02853180743895,2025-05-06 10:59:43.106357,20.28,56.84
41,28.464298852682955,77.1898769449707,28.673254530875397,77.15114037112755,2024-10-12 17:59:43.106361,23.54,85.53
42,28.54213166465008,77.05678510341717,28.650397256784007,77.07119164731957,2024-12-09 14:59:43.106366,12.12,21.61
43,28.47694459661639,77.29899890368404,28.57832155327759,77.29245071901762,2025-07-10 02:59:43.106371,11.29,21.33
44,28.56815174696048,77.3418903111379,28.471534750442768,77.23954577701878,2025-01-12 10:59:43.106375,14.68,38.59
45,28.469257244226714,77.11767645206092,28.735153452587916,77.01478281533942,2025-08-31 14:59:43.106380,31.23,81.8
46,28.52494075650224,77.23263381351113,28.812124992990757,77.3511548309081,2024-12-26 12:59:43.106384,33.96,51.86
47,28.74926987098458,77.40579643695357,28.725468881229478,77.17367505574983,2025-10-01 04:59:43.106388,22.79,44.32
48,28.605414226355872,77.3857060730737,28.463127817462745,77.090181916281,2025-01-08 15:59:43.106392,32.92,88.08
49,28.57986548906505,77.37596621393106,28.414345574457297,77.0835642212306,2025-01-06 12:59:43.106397,33.99,61.84
50,28.495891049512323,77.05860154157081,28.42069925810278,77.06567440752403,2025-08-01 14:59:43.106403,8.39,21.81
51,28.677310267953754,77.10765221701891,28.46548381013613,77.35845609841206,2024-12-30 00:59:43.106407,33.98,73.19
52,28.518949879183673,77.14161864647112,28.475912683615977,77.08793013233412,2025-02-17 02:59:43.106411,7.1,11.81
53,28.513283460666273,77.32089687839674,28.503205982981818,77.34483976105514,2025-07-23 11:59:43.106417,2.59,4.89
54,28.73327673010424,77.28268870728093,28.42532786525205,77.20670014176157,2025-04-01 15:59:43.106421,35.04,67.77
55,28.69979563393921,77.38807959564745,28.593748989452557,77.05057152717825,2025-01-24 06:59:43.106426,34.98,121.32
56,28.515071989786872,77.04424788692789,28.52112851069892,77.11230596086922,2024-10-20 10:59:43.106430,6.68,22.56
57,28.43741317709264,77.36353294023837,28.614577114501927,77.2769035300237,2025-05-17 14:59:43.106434,21.44,59.72
58,28.781318219795242,77.05816113527916,28.491891512186303,77.33997785255582,2025-09-29 05:59:43.106440,42.33,80.67
59,28.485363736348837,77.38786441741317,28.479300813697087,77.24593051050226,2025-05-29 20:59:43.106444,13.89,37.13
60,28.719206483727834,77.30588179378674,28.776470404069343,77.03928345394178,2024-11-02 04:59:43.106449,26.76,76.03
61,28.544842102321365,77.22691915145847,28.64669243165922,77.34941682345614,2025-05-16 14:59:43.106454,16.47,32.7
62,28.55965591426608,77.32089527346052,28.502780932544223,77.0400375492818,2025-08-26 17:59:43.106458,28.16,110.5
63,28.626240825850093,77.02056922595672,28.59506082327243,77.2995556274725,2024-10-26 05:59:43.106462,27.45,73.27
64,28.611793545141307,77.26259930646124,28.422891390402228,77.30883111123629,2025-02-21 02:59:43.106466,21.49,57.79
65,28.678224141169423,77.01119616125064,28.737954889606904,77.15631132777716,2025-04-30 22:59:43.106473,15.63,38.39
66,28.501466986896286,77.36395530327722,28.493695328169082,77.23467109791632,2025-02-22 15:59:43.106477,12.66,37.19
67,28.53235662745963,77.20038765332704,28.503583831799176,77.05101837577875,2024-12-23 21:59:43.106481,14.94,24.7
68,28.450824554613565,77.0324700467732,28.798167224032003,77.08930051808106,2025-02-02 03:59:43.106486,39.02,67.25
69,28.48935387218054,77.23391960481197,28.78345295696475,77.36058898451824,2024-11-15 08:59:43.106490,34.96,117.61
70,28.60016260049213,77.03934626708303,28.667116777210488,77.37044552148899,2025-06-30 23:59:43.106495,33.16,105.82
71,28.505916900441466,77.16402899210605,28.5121819988279,77.1853387289813,2025-09-29 19:59:43.106500,2.2,5.68
72,28.443504567637714,77.3333553154243,28.749759559362687,77.33023737002063,2024-11-25 17:59:43.106505,34.06,80.01
73,28.64253579975719,77.09248330443049,28.526347343673347,77.26644713686858,2025-03-17 23:59:43.106509,21.34,38.08
74,28.53030078301198,77.3365367671815,28.77783163333305,77.39167744514636,2025-03-08 18:59:43.106514,28.05,77.61
75,28.430894368320292,77.2769182106327,28.752240520876946,77.0476727744359,2025-04-21 05:59:43.106518,42.16,85.66
76,28.596895053001273,77.32223352393285,28.720942916615424,77.11799779310391,2024-12-01 11:59:43.106522,24.24,79.68
77,28.64776510248144,77.08730162553898,28.533506789442065,77.17497510483973,2025-03-19 18:59:43.106530,15.32,40.16
78,28.519024532102367,77.2266911808716,28.510796172607805,77.1737702431998,2025-07-29 15:59:43.106534,5.25,9.51
79,28.6915765264794,77.15539338613205,28.684585528918607,77.15503489470272,2025-07-14 04:59:43.106538,0.78,1.77
80,28.444017318163624,77.0174669752726,28.660830496642593,77.36877585984634,2024-10-20 00:59:43.106542,41.94,86.17
81,28.76933292519166,77.32014374100945,28.525901068857543,77.32531763627433,2024-10-25 20:59:43.106547,27.07,61.35
82,28.603301701266947,77.1035297293503,28.590767246771396,77.24134402045038,2024-10-16 06:59:43.106551,13.53,34.63
83,28.481165920685786,77.02722351896813,28.765953475610917,77.25440922532994,2025-02-09 21:59:43.106556,38.66,101.33
84,28.653844769592062,77.1658128920985,28.62808657433862,77.14348783852532,2024-12-03 09:59:43.106561,3.6,9.07
85,28.47173760899339,77.35438739920286,28.66302708381894,77.30023546335018,2025-01-28 12:59:43.106565,21.92,49.95
86,28.48546248892729,77.27743062365006,28.541270383378617,77.03295035531748,2025-09-25 22:59:43.106569,24.68,51.2
87,28.511684525252,77.19474412514631,28.579890351724064,77.25163044374905,2024-12-05 07:59:43.106573,9.4,18.34
88,28.669220121587212,77.26321063732955,28.593768149313846,77.1055355109712,2025-09-08 17:59:43.106578,17.53,40.71
89,28.54589162571768,77.1176116367247,28.627264281858874,77.24413379378963,2024-11-08 16:59:43.106582,15.31,33.07
90,28.60895739093325,77.34341643140834,28.534930326952004,77.06134783191675,2025-08-08 02:59:43.106586,28.75,69.13
91,28.46092019633735,77.02481645588563,28.48924899891812,77.01305245124514,2025-03-26 10:59:43.106591,3.35,9.62
92,28.78369532126281,77.26098076835035,28.42925313254904,77.40345517203225,2025-01-10 09:59:43.106597,41.79,136.37
93,28.793030665574587,77.21770472604435,28.416866135109732,77.36569863320422,2025-08-23 08:59:43.106602,44.25,172.7
94,28.731966332905348,77.0628752090144,28.755710644622134,77.03602720779662,2025-08-31 02:59:43.106607,3.72,5.81
95,28.602861159047443,77.25945238638741,28.673559040804705,77.39546965042281,2025-08-26 10:59:43.106611,15.43,44.31
96,28.58470758840686,77.0561565942982,28.437297815958992,77.28984398605597,2024-10-18 05:59:43.106615,28.11,51.12
97,28.650711325323982,77.08835943828575,28.483948485882614,77.11001869320911,2024-11-05 16:59:43.106621,18.66,45.45
98,28.80404692512901,77.40860359256794,28.508577031068047,77.12203762191228,2025-08-12 00:59:43.106625,43.14,120.08
99,28.62931577536522,77.31280702876799,28.780132350966827,77.13675436137306,2024-12-11 21:59:43.106629,24.0,40.6
100,28.53282367717694,77.38326966436725,28.779897523217574,77.21212305041323,2025-03-17 01:59:43.106634,32.15,58.92
101,28.787170627729267,77.24020055381985,28.63066596252383,77.18182237520985,2025-03-02 22:59:43.106638,18.31,31.28
102,28.429134787758393,77.12914440361499,28.56798702057112,77.36747186542733,2024-12-23 12:59:43.106642,27.94,59.08
103,28.780768294572937,77.15360056030467,28.742570936784706,77.3534819496169,2024-10-08 08:59:43.106647,19.94,77.13
104,28.630221599889925,77.22020732933733,28.429051691365594,77.35930755636564,2024-12-15 13:59:43.106651,26.17,47.45
105,28.41399657744763,77.18356070611367,28.489582082096174,77.03034619874518,2024-10-22 22:59:43.106655,17.18,44.35
106,28.67080614141499,77.22303749787528,28.490156880551904,77.40840130745266,2025-07-02 04:59:43.106660,27.04,52.4
107,28.61334750658162,77.0320376211959,28.75466102340804,77.33009613772734,2025-03-08 04:59:43.106664,33.05,88.1
108,28.59894783173709,77.03045369686905,28.79564173163247,77.10866499343513,2025-01-30 01:59:43.106670,23.16,53.86
109,28.705468500326727,77.40052676947963,28.552805086912674,77.38082885580863,2025-05-26 11:59:43.106675,17.08,30.25
110,28.646576665403156,77.21206411078639,28.50838929398153,77.12975306115528,2025-08-23 07:59:43.106679,17.34,41.15
111,28.601523943274227,77.30403489584168,28.774878087507,77.28528711287987,2024-12-02 09:59:43.106683,19.36,77.5
112,28.688001388938932,77.40542639691546,28.436073621724763,77.10164113395982,2025-01-03 18:59:43.106687,40.8,178.56
113,28.497223343010905,77.17547350122797,28.638471721167317,77.18272269401479,2025-03-05 23:59:43.106692,15.72,31.02
114,28.609591959096853,77.2117790614394,28.500497316519002,77.33534576227795,2024-10-04 09:59:43.106697,17.11,51.38
115,28.622793569167495,77.23859288228826,28.672007632838028,77.22012817666966,2025-02-12 22:59:43.106702,5.76,11.43
116,28.610249277556434,77.40007688935354,28.490621284173795,77.3490585767366,2024-12-29 05:59:43.106707,14.2,24.29
117,28.81234149280364,77.0120895484802,28.621483396541837,77.27608886527517,2025-05-05 00:59:43.106712,33.36,78.22
118,28.75369191987272,77.15242100469939,28.529448580925322,77.39379321564269,2024-12-14 09:59:43.106716,34.3,104.36
119,28.560896722560425,77.2928198544766,28.780169938271737,77.06930773318635,2024-11-07 04:59:43.106721,32.71,107.57
120,28.773565963551505,77.25812186897683,28.45613248357076,77.23613224786264,2025-04-29 02:59:43.106725,35.36,76.85
121,28.646384124634544,77.30038881792235,28.67773410000901,77.24519100665302,2025-08-16 01:59:43.106730,6.42,21.44
122,28.626678121765828,77.17592814678187,28.710688062288526,77.35190443937178,2025-05-21 16:59:43.106734,19.55,44.19
123,28.442604306553353,77.22201791235315,28.463769514677942,77.36949907866253,2024-12-09 03:59:43.106738,14.61,26.94
124,28.789307950307496,77.03041246353992,28.81289822829843,77.16320157228714,2024-10-10 21:59:43.106743,13.2,27.44
125,28.599390878319053,77.14908583167298,28.67288599509676,77.28280416967281,2025-01-24 20:59:43.106747,15.4,40.95
126,28.5339580497304,77.16291640732454,28.78511310848964,77.11623373030731,2024-12-10 08:59:43.106752,28.3,73.1
127,28.477617121995166,77.26574591432919,28.70327034178046,77.26056774085947,2025-07-01 03:59:43.106756,25.1,47.05
128,28.577533747588888,77.34173177980003,28.705031927958085,77.07687923249605,2024-12-02 20:59:43.106761,29.48,96.89
129,28.701801807820324,77.26315932052479,28.562426904523797,77.16606660526433,2025-04-24 18:59:43.106766,18.17,54.1
130,28.760005179644406,77.18140826869488,28.65895992526047,77.16022976182057,2025-06-05 14:59:43.106770,11.42,24.03
131,28.721680384275302,77.2669083449857,28.457649681162383,77.110531350071,2025-04-15 03:59:43.106774,33.09,59.75
132,28.807109303208204,77.2856650496724,28.724307903740524,77.40061712115507,2025-01-27 11:59:43.106778,14.5,24.14
133,28.692416362323613,77.07686957320455,28.590599639209074,77.12234259471182,2025-06-30 04:59:43.106783,12.16,39.93
134,28.43346891829354,77.04547228642147,28.655437238629823,77.04142252236014,2025-08-21 04:59:43.106787,24.68,42.93
135,28.482216374352888,77.20837222696868,28.46586822737521,77.1276257035107,2025-01-18 15:59:43.106793,8.1,17.72
136,28.486295170398698,77.34481808302681,28.64337659447616,77.0221116918589,2024-11-25 08:59:43.106798,36.03,96.76
137,28.686171393410135,77.17572255508531,28.627629786407127,77.24890109306617,2025-02-22 04:59:43.106803,9.66,21.49
138,28.67877109849225,77.08584838734278,28.60789041381672,77.0645114603689,2025-01-27 20:59:43.106807,8.15,23.63
139,28.57178908628113,77.28256083836827,28.68136441044039,77.0245907529956,2025-03-01 18:59:43.106811,27.97,62.1
140,28.587929121880283,77.06396563941408,28.760879561129467,77.27353868144561,2024-12-22 19:59:43.106815,28.07,80.26
141,28.53622092083449,77.23206918337314,28.6400205239738,77.2970707593904,2024-12-19 02:59:43.106820,13.17,46.36
142,28.487605635690997,77.4043163640626,28.453597434631437,77.16871942091302,2025-06-16 03:59:43.106824,23.34,45.04
143,28.64042843476556,77.11930907268378,28.600484454205958,77.1119630863089,2025-01-25 19:59:43.106829,4.5,11.91
144,28.781802646256406,77.25279477948767,28.495265813103472,77.35323235697298,2025-07-25 14:59:43.106833,33.34,72.63
145,28.63886411463385,77.29405913506159,28.6864713465282,77.20395130363772,2025-06-14 08:59:43.106837,10.26,39.72
146,28.49885618935441,77.26652428118877,28.437766676528106,77.1814637084623,2024-10-14 20:59:43.106841,10.74,26.21
147,28.75028853564445,77.1438630831585,28.65127136383151,77.14248508385974,2025-07-06 09:59:43.106846,11.01,32.76
148,28.74714851090491,77.38698005713775,28.803070881994714,77.22459162486545,2025-08-24 02:59:43.106850,17.0,30.9
149,28.684056552069784,77.36965594983154,28.486831981371576,77.25812755566845,2025-07-25 23:59:43.106855,24.49,56.32
150,28.66103689857847,77.09480342356157,28.462449815564124,77.25285649330816,2025-06-17 14:59:43.106859,26.94,65.93
151,28.540105849011873,77.30765133568798,28.668441185373915,77.36304324820867,2025-04-29 12:59:43.106864,15.26,26.52
152,28.47170655845158,77.21147890196947,28.780824293583862,77.30264649092578,2025-07-30 21:59:43.106868,35.51,97.88
153,28.59537462959816,77.35534197005416,28.77057200912176,77.40674926936092,2025-08-29 01:59:43.106872,20.12,61.7
154,28.560831532898575,77.18129260400354,28.48464752363817,77.17955037526008,2025-01-09 19:59:43.106877,8.47,36.05
155,28.651521422454433,77.10939362505567,28.80992795992917,77.10190613621788,2025-06-21 23:59:43.106885,17.63,49.77
156,28.65225138634657,77.34395969461355,28.540360761120123,77.352349856012,2024-11-25 01:59:43.106892,12.47,34.04
157,28.642805821919737,77.11693606499314,28.802051823673533,77.1570122715773,2025-08-31 22:59:43.106896,18.13,41.44
158,28.771621009800043,77.13331067473801,28.415248549304362,77.14691791609062,2025-06-16 09:59:43.106901,39.65,112.09
159,28.523021700119624,77.0170737085408,28.651337456501853,77.30431077924507,2025-09-10 15:59:43.106905,31.47,73.42
160,28.537504664429605,77.35920277606752,28.506289923184994,77.22321367778734,2024-10-23 12:59:43.106909,13.73,26.01
161,28.685288864177526,77.3738934001243,28.79439037025774,77.10439952804569,2024-12-06 04:59:43.106913,28.94,65.38
162,28.45044632258047,77.10013532497717,28.531140157305522,77.22103178030966,2024-11-09 23:59:43.106917,14.84,34.53
163,28.537351201490104,77.31259584795413,28.562064210721786,77.40389463197208,2024-11-05 16:59:43.106922,9.33,23.06
164,28.705268706545002,77.20815925861017,28.73925793331391,77.2753722950325,2025-08-15 07:59:43.106926,7.57,20.51
165,28.614878608287793,77.01856776676605,28.70415323778522,77.29357081041937,2025-08-15 10:59:43.106930,28.61,65.81
166,28.482117836933686,77.19415561280957,28.67298273154966,77.32020228925458,2025-09-15 14:59:43.106934,24.53,49.46
167,28.573905452756485,77.063468129873,28.681397055599607,77.10076667253516,2025-02-22 17:59:43.106938,12.49,40.28
168,28.768134635134285,77.06468839961398,28.811188547818688,77.20614336498132,2024-11-23 14:59:43.106943,14.59,25.58
169,28.772951137029928,77.13405584791725,28.791096584372525,77.24817339067197,2025-05-07 19:59:43.106947,11.3,26.71
170,28.777783297313537,77.03538708574266,28.460403733848587,77.2331987463179,2025-03-22 11:59:43.106952,40.23,100.18
171,28.551723242644975,77.21181352002485,28.423764166414212,77.30932534905999,2025-08-24 09:59:43.106956,17.13,50.08
172,28.47561136955213,77.12543990300297,28.743924616123646,77.25159644869181,2025-06-20 02:59:43.106960,32.28,101.12
173,28.759650117020097,77.35730900138844,28.7020573546512,77.34563403314777,2025-06-13 13:59:43.106965,6.5,17.11
174,28.47191660188184,77.16130568920232,28.568213142572482,77.07783926248894,2025-03-11 14:59:43.106969,13.46,26.79
175,28.662545259600773,77.0585926788534,28.488954635951,77.2774130661511,2024-12-15 08:59:43.106974,28.8,80.95
176,28.609042680947276,77.22631974520259,28.466625497859198,77.39085494781573,2025-04-10 23:59:43.106979,22.56,57.61
177,28.49119007735687,77.3589656510353,28.62318698805305,77.30278730698984,2024-12-17 08:59:43.106984,15.67,56.23
178,28.504726316842866,77.06684394285618,28.6331496065917,77.13955539158128,2024-11-02 08:59:43.106989,15.95,52.69
179,28.580181151831205,77.27846389551326,28.490067389866375,77.12377095554292,2025-07-13 19:59:43.106993,18.13,37.66
180,28.588719818130762,77.01464180786259,28.81001288680019,77.04390811119472,2025-07-06 07:59:43.106997,24.77,53.6
181,28.6655707338014,77.24683404563939,28.72896361699712,77.07000277528596,2025-03-22 10:59:43.107002,18.63,66.3
182,28.669651391408813,77.01964881429343,28.711173269333162,77.07479688238618,2025-08-27 09:59:43.107006,7.09,18.4
183,28.543995465962304,77.0502220769,28.422582932082825,77.01340779253,2025-05-17 11:59:43.107011,13.97,39.24
184,28.51339400412802,77.06610278069074,28.659571231859385,77.38622022931263,2025-07-19 23:59:43.107015,35.23,90.74
185,28.488050798109118,77.38466337038473,28.522213513835705,77.36865488300762,2025-03-24 14:59:43.107019,4.11,7.24
186,28.79715969489722,77.17369220621202,28.486875257470174,77.32285243713163,2025-08-14 18:59:43.107023,37.45,104.46
187,28.50336625939412,77.09597271429675,28.776878298226332,77.10055096413676,2025-08-09 06:59:43.107028,30.42,94.61
188,28.708171160333148,77.24742127427227,28.549408875268522,77.07065636191838,2025-05-17 10:59:43.107032,24.68,104.66
189,28.708771845369686,77.16621146094542,28.72695138713094,77.095182551581,2025-09-15 00:59:43.107037,7.22,11.86
190,28.754641616920416,77.028271150606,28.419645179230745,77.17784687971975,2025-02-09 05:59:43.107041,40.01,90.99
191,28.573419364749743,77.33518570770866,28.596058321697274,77.18433446007967,2025-04-01 19:59:43.107045,14.94,54.09
192,28.61660083581662,77.13907146202308,28.675716900608055,77.14445310871675,2025-06-12 05:59:43.107049,6.59,14.44
193,28.54783399580249,77.1151268699454,28.43923525847972,77.07776036048017,2024-11-26 10:59:43.107055,12.62,30.23
194,28.795825128802164,77.1598162083756,28.81184673085547,77.3588333169656,2025-04-25 02:59:43.107060,19.47,57.09
195,28.686063957167363,77.15197308343542,28.80297298695143,77.25083092691027,2024-12-05 13:59:43.107065,16.18,30.34
196,28.724211882774078,77.13548872525836,28.44536879474363,77.16123465599159,2025-02-25 15:59:43.107069,31.11,64.55
197,28.660851490086294,77.40730132066346,28.648032591592226,77.11675462962785,2024-10-19 07:59:43.107073,28.39,52.64
198,28.570701256692175,77.09487273650781,28.624620982222705,77.27422823835974,2025-08-27 09:59:43.107077,18.51,89.65
199,28.553824904199278,77.34758551082027,28.66060179862342,77.33113690979653,2025-04-14 05:59:43.107083,11.98,22.73
200,28.70207283887317,77.16244794054232,28.683357327739156,77.26863755128787,2025-03-16 15:59:43.107087,10.56,26.45
201,28.45665296925984,77.00927088666147,28.51736432895213,77.24709577629456,2025-01-31 16:59:43.107092,24.2,45.64
202,28.63315200730844,77.3925049016276,28.478438432014375,77.24964246292053,2025-03-07 23:59:43.107096,22.15,40.15
203,28.61223480829822,77.34095243760652,28.718128856299007,77.40544276659367,2025-06-05 19:59:43.107100,13.35,57.38
204,28.656180067170933,77.34995196774874,28.532216020993026,77.06872190807526,2025-07-31 10:59:43.107104,30.72,138.05
205,28.443662562198497,77.13594482581804,28.802424336395465,77.2412444686901,2024-12-03 21:59:43.107108,41.2,88.75
206,28.41874800954542,77.18191505376828,28.561938715649863,77.38005501904658,2025-09-23 20:59:43.107113,25.07,80.61
207,28.436122535912634,77.0345209556493,28.468384920908818,77.20149767230834,2024-12-31 05:59:43.107117,16.71,46.02
208,28.64138576833093,77.01436549313885,28.498865509680925,77.26729549598787,2025-03-23 23:59:43.107121,29.35,75.5
209,28.443112726156553,77.3658331506446,28.41456099024061,77.30715638209571,2025-02-07 07:59:43.107126,6.56,21.73
210,28.643253065523286,77.18972901518507,28.647239150741576,77.28916243787509,2025-02-14 11:59:43.107130,9.71,27.13
211,28.522450637519658,77.17858280670183,28.51040633500267,77.19044271493969,2025-02-04 20:59:43.107135,1.77,4.52
212,28.60490212265571,77.40483820109594,28.587884509004635,77.39421885290449,2025-09-29 14:59:43.107139,2.16,4.28
213,28.572817174954572,77.06759316212721,28.778570710315734,77.22625126808666,2024-10-09 22:59:43.107143,27.62,59.51
214,28.72270007991434,77.17114015147418,28.80227743827625,77.165008313891,2025-06-14 04:59:43.107149,8.87,18.08
215,28.716103206526682,77.22965353186876,28.651071685477213,77.34271677488674,2025-09-02 23:59:43.107153,13.19,22.47
216,28.435613455091076,77.04971341299213,28.692840672168025,77.23070924580394,2024-10-07 00:59:43.107157,33.62,79.16
217,28.684002037301592,77.02066504861622,28.651934229971516,77.22461281218187,2025-06-11 01:59:43.107162,20.21,38.81
218,28.55490402337816,77.35425376382008,28.75454521040491,77.14295203806795,2025-05-16 08:59:43.107166,30.3,122.03
219,28.70140521887791,77.2812782983239,28.425924039591756,77.18730589121168,2025-08-05 04:59:43.107172,31.98,68.27
220,28.669910501168502,77.1266184806293,28.691273230086555,77.25705004324445,2025-07-29 04:59:43.107177,12.94,21.84
221,28.641955623793027,77.39921408812212,28.683952373630593,77.1215840161859,2025-09-30 02:59:43.107181,27.49,83.3
222,28.544189823381817,77.2867194910603,28.519075045575207,77.34678695348273,2025-04-29 22:59:43.107186,6.5,15.29
223,28.6762971801156,77.09701557671436,28.72135476408256,77.15108936699706,2024-11-17 15:59:43.107190,7.27,12.91
224,28.586761198763632,77.3548681514097,28.443886168597377,77.25760870963352,2025-07-06 16:59:43.107194,18.51,40.16
225,28.603640539251412,77.36826899193473,28.50436558630664,77.08890847688956,2025-04-18 21:59:43.107199,29.43,65.08
226,28.74373656585351,77.23978924538869,28.71274895908204,77.2960992709541,2025-03-05 20:59:43.107203,6.48,30.17
227,28.555055278873745,77.21482488271955,28.809800599924245,77.26319910636266,2025-09-02 01:59:43.107207,28.72,58.14
228,28.547858527413943,77.02444202278006,28.597142242994348,77.13473031816109,2025-07-21 15:59:43.107211,12.08,21.02
229,28.540982886946416,77.34465481440424,28.46204751271016,77.19019574858716,2025-08-24 17:59:43.107216,17.46,47.7
230,28.670904445838648,77.03415823467265,28.78223154009282,77.32602219874647,2025-05-10 03:59:43.107220,31.04,95.86
231,28.587030455149396,77.38273678178966,28.765654598130396,77.38802226224156,2025-07-12 07:59:43.107227,19.87,39.55
232,28.42904264541575,77.03514647131047,28.72601815382637,77.39654155401008,2025-07-02 13:59:43.107231,48.33,87.99
233,28.451546785631567,77.38032386390951,28.701987583237962,77.38543334052005,2025-09-23 01:59:43.107237,27.85,49.62
234,28.656582677490263,77.01878934801496,28.751470121292098,77.16933989188891,2025-03-30 03:59:43.107242,18.08,39.47
235,28.6543712169779,77.24789507582688,28.638465744487693,77.03432968392575,2025-08-14 14:59:43.107246,20.92,43.19
236,28.56401633311508,77.10952570260014,28.79411731623819,77.172344882952,2025-05-11 04:59:43.107250,26.31,67.02
237,28.68930738022248,77.21130074724006,28.78202909719699,77.38485672571116,2025-08-26 14:59:43.107254,19.82,60.79
238,28.638408494546802,77.28464190035325,28.524721057560097,77.21945214922019,2024-11-17 11:59:43.107258,14.15,26.87
239,28.533353374965962,77.23084433317037,28.69118025857161,77.27567796039301,2025-08-15 21:59:43.107263,18.09,45.5
240,28.754753530536377,77.32798501001392,28.473817676307153,77.35576719569953,2025-02-19 19:59:43.107267,31.36,101.1
241,28.591016748633614,77.15842089096707,28.523289590976816,77.40870474834195,2025-08-28 18:59:43.107272,25.58,86.56
242,28.61455099150931,77.33876752844333,28.45830964217658,77.28766694401217,2025-05-11 06:59:43.107277,18.08,38.78
243,28.66343759476681,77.32566139347423,28.589787527435313,77.1622237853568,2025-09-30 07:59:43.107281,17.93,50.13
244,28.702147798286834,77.24949309201664,28.73796944214334,77.25317323954793,2025-08-01 12:59:43.107286,4.0,8.62
245,28.61498465929254,77.3211232432802,28.594118636835667,77.11872152312104,2025-07-19 14:59:43.107290,19.89,56.28
246,28.634006637634755,77.18492132728447,28.754561418805725,77.08964313164543,2025-02-16 22:59:43.107295,16.31,26.7
247,28.49829805616664,77.23385219945624,28.709442183383675,77.33189943630765,2025-02-26 18:59:43.107299,25.35,54.47
248,28.622306863325594,77.37702811294268,28.43232985137565,77.32249762143307,2025-03-07 09:59:43.107304,21.79,61.22
249,28.59608302192412,77.0518293947018,28.7915763393637,77.04391094618427,2025-08-24 12:59:43.107308,21.75,48.48
250,28.681026446612023,77.065037490742,28.717364441080754,77.24240202884843,2025-05-17 11:59:43.107312,17.76,31.91
251,28.607772472167916,77.19669307552314,28.620924842972293,77.13856954347779,2024-11-27 00:59:43.107317,5.86,13.23
252,28.65714047116765,77.16431786253655,28.44100269701825,77.10230508038651,2025-06-27 18:59:43.107321,24.78,108.61
253,28.46545651527313,77.29516659556869,28.463044503636997,77.01238987923738,2025-09-26 21:59:43.107327,27.64,54.06
254,28.66323438450646,77.21249059170233,28.777824471095474,77.0555033114283,2025-08-14 19:59:43.107332,19.92,44.4
255,28.451433457560654,77.22177823838419,28.809951150826652,77.36704735183368,2025-03-25 02:59:43.107336,42.31,68.01
256,28.783661448252793,77.40639107698493,28.580481101357375,77.28310690784329,2025-05-18 20:59:43.107340,25.59,101.25
257,28.504977865879486,77.18757229323569,28.648346413518723,77.19234495920851,2025-07-29 20:59:43.107345,15.95,40.15
258,28.542926410725265,77.15951381943913,28.52583688910243,77.1485000320848,2025-02-15 17:59:43.107349,2.18,8.04
259,28.61918713833319,77.02680314996003,28.6946031309138,77.28727405799559,2025-09-22 04:59:43.107354,26.76,69.58
260,28.522938454180263,77.08357642089341,28.79354053444005,77.32097342710526,2025-06-05 16:59:43.107358,37.97,100.92
261,28.720665991877137,77.32613127449174,28.55268475182176,77.23369190168637,2025-03-18 17:59:43.107365,20.74,58.97
262,28.691271008386707,77.25923343034229,28.526514857708865,77.238074703675,2025-03-23 04:59:43.107371,18.44,33.19
263,28.573803439168035,77.36536209484423,28.57450742209101,77.21489771559493,2024-12-18 08:59:43.107375,14.69,51.66
264,28.64901505325235,77.01902863280337,28.709377187591333,77.01195409760538,2025-03-22 10:59:43.107380,6.75,21.52
265,28.572502862836387,77.36423108420675,28.72495212134661,77.40083225162715,2025-09-11 10:59:43.107384,17.32,72.5
266,28.70738184707229,77.09127304031111,28.632937539656613,77.0357306502176,2024-12-09 10:59:43.107388,9.89,28.35
267,28.75773645703205,77.36809175628696,28.449085957520087,77.28444661839679,2025-08-09 11:59:43.107393,35.28,58.56
268,28.67905603447205,77.092243711915,28.60258628570049,77.36220610944301,2025-08-26 22:59:43.107397,27.68,75.87
269,28.728534150518463,77.22028560268281,28.439113621547808,77.28481658707804,2025-02-16 04:59:43.107402,32.79,56.34
270,28.61327904332792,77.23984397421262,28.782383831025534,77.04327076263624,2025-05-19 01:59:43.107406,26.85,67.16
271,28.75106569855392,77.17962720350403,28.588243469743592,77.38715294675919,2025-07-02 10:59:43.107411,27.16,90.59
272,28.45243134911598,77.13032741667878,28.706945425243955,77.15721546271656,2025-08-05 20:59:43.107416,28.42,135.62
273,28.708971063067253,77.07166507988818,28.694770025574154,77.280971905783,2025-07-28 20:59:43.107420,20.48,43.41
274,28.478723229539742,77.23929432125095,28.55640638095067,77.35364173976019,2024-11-18 04:59:43.107424,14.12,43.71
275,28.506856160815417,77.23846882007071,28.524106107591912,77.22045023551901,2025-07-30 04:59:43.107428,2.6,6.75
276,28.606603820548898,77.36661782951434,28.486100507348567,77.19993971557466,2025-09-29 22:59:43.107433,21.09,65.69
277,28.658051404147734,77.28787593020988,28.645506269438563,77.24898883834778,2025-06-19 16:59:43.107437,4.04,9.47
278,28.6400327304814,77.01204685677241,28.587420134708452,77.25910748056413,2025-04-27 19:59:43.107441,24.82,65.72
279,28.68669754259692,77.38654865106838,28.734601927283293,77.06600390325441,2024-12-22 01:59:43.107446,31.71,54.99
280,28.805453034814978,77.29917904079367,28.64673107732703,77.12959125976462,2024-11-01 09:59:43.107453,24.19,78.46
281,28.7408192211239,77.19186572575181,28.65608732496593,77.2828404917449,2025-05-12 17:59:43.107457,12.94,52.84
282,28.668879558693142,77.01724015537846,28.583965725551113,77.35502336404315,2025-09-15 19:59:43.107462,34.29,81.1
283,28.606877910079515,77.36507794029349,28.593168660931877,77.09444688378191,2025-07-15 15:59:43.107467,26.46,58.13
284,28.728658321139992,77.37617937397188,28.479172012806355,77.31016027870635,2025-02-26 04:59:43.107472,28.48,60.32
285,28.452959242014376,77.03861937489731,28.437558993547906,77.27123818340257,2024-12-21 14:59:43.107476,22.81,65.72
286,28.54158848103755,77.26331805737591,28.424338246745293,77.16080671192682,2024-10-04 16:59:43.107481,16.44,42.39
287,28.629268499503837,77.27203019970547,28.504767658903983,77.09088795658911,2025-08-04 16:59:43.107485,22.46,41.7
288,28.727736112915306,77.04797762787452,28.594590274921444,77.37513628553772,2024-12-01 10:59:43.107490,35.19,158.13
289,28.612421199990827,77.27016516700164,28.738365089103212,77.01826300804034,2025-07-19 18:59:43.107494,28.29,64.86
290,28.73622765125753,77.37490616059709,28.505924785638253,77.22236759517568,2025-04-19 12:59:43.107498,29.62,50.6
291,28.49866056695358,77.1383000826282,28.431511380822933,77.38629489502047,2025-02-28 00:59:43.107503,25.37,43.11
292,28.503814444791388,77.20657365661125,28.796356828693334,77.28470870524946,2025-09-11 02:59:43.107508,33.41,102.29
293,28.67686116807291,77.27502856968651,28.499927742299572,77.05995068153706,2025-07-09 19:59:43.107513,28.78,76.69
294,28.726382099066797,77.33284201872858,28.646108746203073,77.3497182815306,2025-01-12 07:59:43.107517,9.08,18.9
295,28.637968663033504,77.1493570930241,28.415207791825324,77.04923011938122,2025-02-01 21:59:43.107521,26.63,70.51
296,28.524157570732257,77.21851531671331,28.528559667228652,77.02203750679901,2025-02-19 21:59:43.107526,19.2,37.37
297,28.59674545900877,77.3071235544154,28.454129218858732,77.34194918814336,2025-07-25 23:59:43.107531,16.22,24.97
298,28.621849409264613,77.13535091437925,28.50807557332602,77.3459263499919,2025-09-16 20:59:43.107536,24.14,98.19
299,28.619284362967154,77.17356004346922,28.570792652314946,77.30571020173643,2024-11-10 17:59:43.107540,13.98,52.27
300,28.699687391288613,77.36023750792658,28.494399246044193,77.33832856501823,2025-09-10 07:59:43.107544,22.93,73.98
301,28.75421331245699,77.17232496725553,28.778517889312447,77.2593719760142,2025-03-19 18:59:43.107549,8.9,32.52
302,28.56924425965958,77.24683541316061,28.5672537035528,77.36807104412128,2025-07-01 09:59:43.107553,11.84,27.12
303,28.6864304246765,77.256297007239,28.737883596790446,77.1856762417839,2025-01-05 14:59:43.107557,8.95,25.53
304,28.542944192398217,77.15490168446739,28.7381709331824,77.39826339274272,2025-07-21 12:59:43.107561,32.18,81.54
305,28.415081672195786,77.3419291296482,28.62322279805368,77.34736766911824,2025-01-17 16:59:43.107566,23.15,63.55
306,28.792268519446708,77.27941518610906,28.705968521041168,77.40732423625988,2025-09-07 06:59:43.107570,15.73,45.21
307,28.454196480047504,77.29432617511951,28.419095335418174,77.29655231752967,2025-05-11 00:59:43.107574,3.91,7.9
308,28.68405810195221,77.135584326755,28.752462543767017,77.02365029517934,2025-06-28 03:59:43.107578,13.3,33.28
309,28.62603871819221,77.36618687410696,28.717456419875948,77.36974810254614,2025-02-13 08:59:43.107583,10.17,26.44
310,28.56383946017917,77.16898847092423,28.533839704723906,77.23198286104999,2025-02-25 16:59:43.107588,7.0,14.29
311,28.47782597496502,77.19170367351822,28.66455104065955,77.14278562749618,2025-01-19 20:59:43.107596,21.31,55.36
312,28.445618226335313,77.23848935586864,28.80872658540813,77.27212118941956,2025-09-12 00:59:43.107601,40.51,69.73
313,28.54805180012584,77.39444225659875,28.559424600288747,77.1907349208054,2025-01-01 17:59:43.107605,19.94,60.08
314,28.724698187768034,77.1137644255924,28.80308782400165,77.05039929814049,2025-04-10 05:59:43.107610,10.68,31.14
315,28.49375038302027,77.23888865308311,28.738966247527976,77.03501726286925,2025-08-27 15:59:43.107614,33.76,70.57
316,28.680908520554492,77.09584410491594,28.75445827926068,77.17393414822831,2025-09-15 15:59:43.107619,11.17,18.31
317,28.654961212291663,77.1484401493273,28.48438461031585,77.29976839592644,2025-03-11 06:59:43.107624,24.04,49.46
318,28.592114548447217,77.06261531787925,28.41861248409529,77.33602233555439,2024-10-22 19:59:43.107628,32.95,98.95
319,28.786135588363944,77.13424865400661,28.620126321507758,77.29492810109065,2025-02-21 00:59:43.107632,24.21,77.45
320,28.550333528123033,77.15694238312939,28.54250223230742,77.24824483152918,2025-07-03 12:59:43.107637,8.96,17.9
321,28.760153451759788,77.33909483368166,28.756135462151423,77.04340619975967,2024-11-28 23:59:43.107641,28.83,62.22
322,28.44200101403524,77.22098189093506,28.566852761296644,77.33850237206231,2025-09-02 13:59:43.107645,18.02,29.62
323,28.459260271177715,77.10914283291233,28.569653270233275,77.07795801432111,2025-06-15 05:59:43.107649,12.65,21.5
324,28.700607020688555,77.26434378040724,28.71792033408799,77.05485884181223,2024-10-19 09:59:43.107654,20.52,59.96
325,28.516970585736146,77.23097932284409,28.590443713471473,77.11392418468455,2025-04-24 11:59:43.107658,14.05,42.39
326,28.4268188710986,77.14066348145737,28.48083588655857,77.04920983766995,2025-03-19 23:59:43.107662,10.77,23.35
327,28.767832945797544,77.03558098008546,28.692729599700243,77.09983900789993,2025-01-13 13:59:43.107666,10.44,24.6
328,28.79517266018299,77.40032238554072,28.643464793659383,77.11954114698148,2024-11-30 12:59:43.107671,32.16,57.27
329,28.705479025869938,77.39634065751419,28.801029294840397,77.15556484510059,2025-03-03 06:59:43.107675,25.76,48.53
330,28.668531726465936,77.29080493033763,28.434020758317796,77.27395333596526,2025-01-01 00:59:43.107679,26.13,63.97
331,28.442954843220647,77.39834064933105,28.65409759369003,77.07239661451221,2025-07-16 22:59:43.107687,39.56,82.24
332,28.487707340310706,77.20026492599008,28.62316475670329,77.30867300863471,2025-04-01 06:59:43.107692,18.41,38.12
333,28.646252863948213,77.12584853544688,28.73188853763392,77.29886788128364,2025-01-16 23:59:43.107696,19.38,36.45
334,28.69874140260015,77.11333131649762,28.723486205667857,77.33031697180276,2025-08-14 00:59:43.107701,21.34,61.37
335,28.56834925744451,77.0912178606015,28.740834317435063,77.20834960460911,2025-01-31 00:59:43.107705,22.33,50.84
336,28.72219645186708,77.0230646461724,28.750720019816658,77.34419719416161,2025-08-06 22:59:43.107721,31.47,94.9
337,28.54618359832912,77.13893600475068,28.48942974972966,77.31908713555045,2025-07-04 17:59:43.107725,18.7,64.49
338,28.497770418021215,77.36752729860126,28.44446049455943,77.26636437959098,2025-07-06 22:59:43.107730,11.53,23.09
339,28.710618132894737,77.09560984140427,28.614269741253793,77.33668487699839,2025-09-12 08:59:43.107735,25.85,56.38
340,28.548929365432393,77.28434571512533,28.66195645563869,77.17950205398444,2025-09-09 17:59:43.107739,16.21,49.16
341,28.73052469875382,77.06166589618165,28.414307323864247,77.17915437732204,2025-01-16 10:59:43.107743,36.99,145.53
342,28.67943806351244,77.2200784476646,28.52142140154878,77.28852828890143,2025-06-25 13:59:43.107747,18.8,44.74
343,28.783821685407794,77.32197876291397,28.72897900900829,77.2026451285045,2024-10-10 23:59:43.107752,13.13,21.11
344,28.812155844588307,77.35992035677245,28.721121512863988,77.40727498362703,2025-02-12 00:59:43.107756,11.13,24.14
345,28.42981708614928,77.09133601442635,28.676378800779737,77.10142093231393,2024-10-31 21:59:43.107760,27.43,53.13
346,28.41696892769727,77.20927555798886,28.800476132505498,77.36632505068414,2025-07-07 03:59:43.107764,45.32,97.18
347,28.727172863097383,77.0776794210504,28.674935688655115,77.37825182279421,2025-02-27 03:59:43.107770,29.89,50.85
348,28.76755296582513,77.14714463251164,28.721286820155076,77.36385975055649,2025-01-18 08:59:43.107775,21.75,72.24
349,28.59101079874515,77.25202338731042,28.55378087793661,77.30991379462186,2025-09-15 21:59:43.107779,7.01,11.75
350,28.785200392814737,77.04580441110137,28.661899058400536,77.12346429934418,2024-11-07 00:59:43.107785,15.66,38.55
351,28.626241292315772,77.17167257868911,28.70603742643331,77.2532654461126,2024-10-24 04:59:43.107789,11.92,28.12
352,28.471429631337735,77.3329895614628,28.622722567765393,77.1428132620708,2025-03-09 03:59:43.107793,25.06,51.93
353,28.716497597194063,77.25147673744314,28.682839442726436,77.30912277243874,2025-09-20 09:59:43.107799,6.75,22.36
354,28.41770498724315,77.2177281436182,28.445775157404064,77.2077514110976,2025-06-09 10:59:43.107804,3.27,9.72
355,28.531095135437955,77.36915226438758,28.418557608020187,77.14080151503062,2024-11-03 17:59:43.107808,25.59,61.08
356,28.74007441860266,77.12680002955963,28.540455309160162,77.09147153812933,2025-06-04 20:59:43.107812,22.46,76.94
357,28.556092614525692,77.3918992933954,28.5202311818547,77.024088438516,2024-10-31 17:59:43.107817,36.15,110.05
358,28.65972279759475,77.06292722007653,28.740639723736916,77.33584322078559,2025-01-21 04:59:43.107821,28.1,49.39
359,28.414884122478583,77.24540847559948,28.691093017492843,77.25370754224015,2025-02-15 01:59:43.107827,30.72,90.53
360,28.564773792122896,77.40159220427434,28.490504955472947,77.32609250278088,2025-03-15 10:59:43.107833,11.07,28.07
361,28.600992259754836,77.2468073860933,28.584847426734353,77.23853290757899,2025-03-17 15:59:43.107837,1.97,3.09
362,28.664545028493695,77.20823046928508,28.57479776984388,77.37757212850524,2025-08-18 17:59:43.107842,19.31,82.52
363,28.614265124282934,77.40847058486449,28.4152262485389,77.33186198696734,2024-11-26 16:59:43.107847,23.36,61.97
364,28.640729934433,77.32916718393082,28.49565151384906,77.3507808243571,2025-04-11 16:59:43.107851,16.27,26.53
365,28.66111834350732,77.09597511180807,28.681248582724795,77.34537871281961,2025-01-16 13:59:43.107855,24.43,54.65
366,28.57458473239387,77.03617244464282,28.508676271372586,77.30673592129303,2025-06-09 10:59:43.107867,27.43,101.06
367,28.48408657660183,77.27976604615974,28.63347122565867,77.30109917919398,2025-04-10 18:59:43.107872,16.74,66.36
368,28.577503369140942,77.03855952383091,28.521985428443582,77.04340260308162,2025-06-17 11:59:43.107876,6.19,15.94
369,28.769674754391666,77.36275376312048,28.500665308472037,77.40429480823678,2025-09-27 00:59:43.107881,30.19,68.79
370,28.437973701139512,77.12633220969417,28.620464819966667,77.27091601424426,2025-07-28 10:59:43.107886,24.72,75.38
371,28.52497509914086,77.17868284639574,28.532767004018815,77.1854267403917,2024-11-05 01:59:43.107892,1.09,3.2
372,28.602308957078012,77.22638789742864,28.552015516735523,77.27587025089957,2025-04-18 06:59:43.107897,7.39,15.03
373,28.66843240432312,77.04766610668266,28.788800936679227,77.03015210232458,2025-03-19 22:59:43.107901,13.49,26.86
374,28.451471772811928,77.2187416268185,28.560504577647542,77.36267770173538,2025-09-09 14:59:43.107905,18.57,42.28
375,28.717555494261976,77.35623768818978,28.525974238962434,77.03162077066594,2025-05-21 23:59:43.107910,38.18,124.81
376,28.56264594682828,77.37099159118462,28.531984532276546,77.02440228514206,2025-06-06 23:59:43.107914,34.02,70.77
377,28.549300290510622,77.34870823544816,28.81267549663656,77.40850614352118,2025-04-30 23:59:43.107918,29.86,66.54
378,28.603321663626343,77.16296946212935,28.734386293395563,77.24556246101005,2025-07-24 03:59:43.107923,16.65,36.43
379,28.54167778309425,77.20202848027067,28.725095882475326,77.1029629485497,2025-04-03 19:59:43.107927,22.57,61.62
380,28.502052356003176,77.35021423829387,28.77290689457456,77.04855358864026,2025-03-06 18:59:43.107932,42.12,99.7
381,28.52858840643624,77.20981058229927,28.594472256384314,77.23531696700064,2024-10-23 01:59:43.107936,7.74,18.66
382,28.483823847470873,77.14137837156584,28.708843611280756,77.22934532269065,2025-06-13 07:59:43.107941,26.45,60.96
383,28.647645760734225,77.08702288398723,28.44462733533741,77.0508134055842,2025-08-06 00:59:43.107945,22.85,45.16
384,28.61340113068342,77.241744255835,28.61628864542177,77.11603891635502,2025-08-09 18:59:43.107949,12.27,36.65
385,28.681552739823946,77.30261427340582,28.560037219787134,77.03544174978136,2024-12-14 05:59:43.107954,29.37,54.76
386,28.782865584866055,77.11174828896587,28.661719971624194,77.21731172344714,2025-03-12 04:59:43.107958,16.95,30.97
387,28.642578078777607,77.21715638466736,28.48035298764609,77.27914292147125,2024-12-02 09:59:43.107962,19.03,50.67
388,28.456407539757247,77.24646595683782,28.495336006096107,77.20578798377721,2025-04-29 18:59:43.107967,5.88,16.85
389,28.64119073917685,77.36834658413832,28.67345583439248,77.12555028674699,2025-03-20 23:59:43.107974,23.96,59.04
390,28.768829116130952,77.07875542820041,28.590358883262272,77.09090187225105,2025-09-26 19:59:43.107978,19.88,63.47
391,28.633084992563543,77.01988077217167,28.69263965546157,77.22372144023554,2025-05-16 01:59:43.107983,20.96,47.11
392,28.718777436407958,77.30208310926763,28.42499347747122,77.35824261954923,2025-03-23 17:59:43.107987,33.12,82.04
393,28.64193614207503,77.12759276678347,28.490595508267134,77.11940633581347,2025-09-17 19:59:43.107991,16.85,47.1
394,28.79985227559256,77.24652090988121,28.43931828262376,77.01814743935148,2025-08-25 18:59:43.107996,45.87,123.25
395,28.53767267481347,77.3864804699148,28.713624644200475,77.33757183711182,2025-04-25 18:59:43.108000,20.14,62.8
396,28.45864958979762,77.22229936175482,28.415341318359438,77.27557204319032,2025-02-20 08:59:43.108004,7.09,36.72
397,28.53403549196395,77.22072513494946,28.80205398243274,77.2755161108043,2024-11-06 18:59:43.108009,30.28,108.98
398,28.54676564373065,77.12218086988955,28.608289066392405,77.16638194123841,2025-05-18 12:59:43.108013,8.09,15.27
399,28.51688423555445,77.02772027600291,28.45846089442657,77.34082350984778,2024-12-03 03:59:43.108017,31.28,61.88
400,28.624199791185372,77.2231166564878,28.775922210488822,77.32095576349627,2025-08-27 21:59:43.108022,19.38,51.74
401,28.48013999391319,77.39222440659725,28.42675546671697,77.16076921691067,2025-04-12 23:59:43.108028,23.39,69.49
402,28.447317236354262,77.3560728523109,28.71805853038964,77.1041141529395,2024-10-18 13:59:43.108032,38.88,92.27
403,28.6404898160732,77.32404449987135,28.514575725571905,77.15607468678735,2025-01-09 00:59:43.108037,21.57,54.12
404,28.41930590271288,77.10553357253622,28.64583041211976,77.37341161043013,2024-11-09 02:59:43.108041,36.32,69.15
405,28.62533888687192,77.034411061101,28.771366971344786,77.2726899312831,2025-04-29 06:59:43.108045,28.35,92.39
406,28.50552318395406,77.29461891647325,28.805844412282585,77.23246720440822,2025-09-20 00:59:43.108049,33.94,67.26
407,28.792677058591714,77.1958051057568,28.42772603251225,77.20667958322502,2025-08-23 21:59:43.108055,40.59,95.34
408,28.57608006215128,77.22553928589387,28.605444888642488,77.06466070646945,2025-04-12 20:59:43.108059,16.04,49.49
409,28.599075539510377,77.0798446782392,28.633303570503138,77.01569705677613,2025-04-02 23:59:43.108065,7.33,15.12
410,28.81182945344537,77.15400558055845,28.76127758015851,77.33721220548301,2025-06-08 16:59:43.108069,18.72,39.71
411,28.479707048868256,77.30110767788568,28.543762785509323,77.3779895457571,2025-08-10 07:59:43.108075,10.35,24.31
412,28.76907919882082,77.1393202805742,28.763239611153967,77.35552802244787,2025-08-01 21:59:43.108079,21.08,40.43
413,28.414216631577222,77.03679174048014,28.577961092113178,77.06747949763556,2025-03-07 01:59:43.108084,18.45,39.34
414,28.434388003487577,77.34766737040535,28.741429284941855,77.30653718801464,2024-12-11 19:59:43.108088,34.38,97.79
415,28.53750955013507,77.05589587987218,28.806120633236514,77.08925775822172,2024-11-03 09:59:43.108092,30.05,106.54
416,28.43168835347438,77.33005472775388,28.61224735486572,77.25455151693927,2024-11-18 06:59:43.108097,21.39,38.91
417,28.443268092292456,77.32750562624663,28.57743565180556,77.03056641085847,2024-12-26 12:59:43.108101,32.62,102.38
418,28.549512873633535,77.08743836973227,28.804144724806836,77.20003771691295,2024-10-07 09:59:43.108106,30.37,85.61
419,28.81050348409862,77.31228458985305,28.745469817995932,77.03754391738151,2025-08-13 16:59:43.108110,27.74,58.24
420,28.427000637531183,77.25148303546784,28.573579819859987,77.25808088562069,2025-05-04 00:59:43.108114,16.31,25.27
421,28.64788417334877,77.1935889896446,28.74352854750593,77.08577347405003,2024-10-11 05:59:43.108119,14.96,34.54
422,28.439885971108794,77.28573633604073,28.480134030952208,77.17601964215456,2024-11-22 21:59:43.108123,11.62,18.52
423,28.537188022829778,77.32867611673926,28.520040389470395,77.08806858781702,2025-07-12 09:59:43.108127,23.58,78.26
424,28.617507326423624,77.2117355701086,28.57186242134596,77.35862916110362,2025-05-18 02:59:43.108132,15.21,37.18
425,28.717494657456747,77.29507507273273,28.777858850430846,77.22562283713772,2024-12-04 17:59:43.108136,9.53,41.66
426,28.426763423229595,77.31967332650753,28.640182455200947,77.39100785270963,2025-02-09 22:59:43.108142,24.73,55.02
427,28.67276976665909,77.06591956464872,28.75613579777883,77.16808179124519,2024-12-29 15:59:43.108146,13.61,30.63
428,28.424339415560212,77.06883444302466,28.454313409932592,77.262781813801,2024-10-20 09:59:43.108152,19.25,48.69
429,28.46699107707173,77.35731536014237,28.663437180594784,77.17580302198698,2024-10-18 19:59:43.108156,28.13,107.07
430,28.494931491370362,77.38849600393321,28.574731890547447,77.3675528259055,2024-12-27 16:59:43.108160,9.11,16.93
431,28.43032663220004,77.0765657608788,28.41954564334244,77.20051014739471,2024-12-27 20:59:43.108165,12.18,31.32
432,28.5771280855895,77.3354948607404,28.422138566558207,77.03390949502968,2025-03-18 18:59:43.108169,34.14,117.48
433,28.792576687820674,77.04910897067822,28.65415951785068,77.03088190888865,2025-02-14 00:59:43.108174,15.49,35.33
434,28.500228081614736,77.11652319207737,28.41449806095091,77.08208240000205,2024-11-23 11:59:43.108178,10.11,18.41
435,28.6997954089039,77.15242928547178,28.803038457806228,77.40755776431934,2025-08-06 18:59:43.108183,27.39,94.15
436,28.723808347128585,77.26953647531148,28.73457215750224,77.06738811876133,2025-06-14 20:59:43.108187,19.75,52.26
437,28.48688506498304,77.24138808072448,28.48330803971358,77.01589251710753,2024-12-29 06:59:43.108192,22.04,49.11
438,28.78506441698731,77.07378772033182,28.516665057613285,77.20238750990003,2024-10-06 02:59:43.108196,32.38,67.47
439,28.501159288563013,77.0597276638759,28.701706039648453,77.23529240334135,2025-01-21 23:59:43.108200,28.13,55.39
440,28.556721048236845,77.27091389498236,28.578848788394737,77.34000256881727,2025-02-13 10:59:43.108204,7.18,30.08
441,28.69473304072094,77.01054864324965,28.678890654246317,77.39252426963579,2025-01-06 14:59:43.108209,37.3,85.99
442,28.569577003561534,77.10337822929127,28.638220455390613,77.25907953402009,2025-09-03 13:59:43.108213,17.01,30.77
443,28.5939254796864,77.40025302066181,28.48094039448232,77.39526892527567,2025-08-27 08:59:43.108218,12.57,34.32
444,28.770310558107766,77.31154476932328,28.49306349500249,77.24551133265383,2025-01-16 06:59:43.108224,31.49,81.23
445,28.65353763991416,77.09466494164532,28.550348178192262,77.17210172652655,2025-09-06 05:59:43.108228,13.74,29.51
446,28.498102209306296,77.20802229060186,28.698580931668957,77.22419280260598,2024-10-27 10:59:43.108232,22.35,106.39
447,28.700153489731346,77.16181666269543,28.627151821603817,77.2499738406141,2025-06-24 10:59:43.108237,11.83,43.19
448,28.452200969307484,77.27151743856447,28.43023336780004,77.01270234157668,2024-10-26 03:59:43.108244,25.42,68.86
449,28.765376174695074,77.37671631591215,28.60987177466208,77.23572698048247,2024-12-21 02:59:43.108248,22.09,42.77
450,28.776645781435963,77.09837276766267,28.71407307595912,77.08772391492235,2025-03-21 16:59:43.108252,7.03,13.08
451,28.57039712266685,77.03152318702932,28.653030345067243,77.20122368175075,2025-09-11 06:59:43.108257,18.94,61.64
452,28.593484622276907,77.09958416302221,28.42623121268386,77.10380579137275,2024-10-22 02:59:43.108261,18.6,60.28
453,28.63714715201849,77.12084613868667,28.65118252134268,77.34537545628798,2025-06-11 20:59:43.108265,21.97,65.94
454,28.515835503937588,77.4029742133695,28.594266695800655,77.13458331189507,2025-09-05 18:59:43.108270,27.63,88.52
455,28.529828189920657,77.12473332028253,28.537997731919603,77.36455091094804,2025-02-22 10:59:43.108274,23.45,82.68
456,28.566013692157245,77.14909607496236,28.645527485817908,77.21004454074281,2025-08-02 13:59:43.108278,10.66,24.58
457,28.461193658444678,77.3094848312208,28.783900830128747,77.38352140627725,2025-07-05 12:59:43.108284,36.6,124.53
458,28.449070385442813,77.28998099272941,28.59862993266819,77.29197480559296,2025-04-12 13:59:43.108288,16.63,46.63
459,28.63621437956911,77.02405126157866,28.78965818174408,77.1854560016983,2025-04-14 05:59:43.108292,23.21,54.8
460,28.74943559466277,77.2858229058628,28.51600953618076,77.07598132740935,2025-01-27 18:59:43.108299,33.06,165.21
461,28.69270210788201,77.12252843926916,28.708152597272896,77.20042445209457,2025-04-03 03:59:43.108307,7.79,14.45
462,28.469296480784422,77.35324060415174,28.538243612471796,77.22748594998187,2024-11-15 00:59:43.108313,14.48,36.77
463,28.809358844527345,77.03956518625735,28.75393004419659,77.19690377135096,2025-07-27 02:59:43.108318,16.53,35.15
464,28.458779861064496,77.35346764312364,28.538836891628076,77.39538931712484,2025-09-15 01:59:43.108322,9.8,24.14
465,28.722307665415606,77.0676592599879,28.41433975517965,77.03968577351826,2024-11-07 13:59:43.108326,34.35,66.65
466,28.677290379147067,77.04226989249563,28.430891734832777,77.11873111593185,2025-02-02 17:59:43.108331,28.4,90.2
467,28.60719729995638,77.23373520621082,28.737369625884014,77.22057019712639,2025-07-28 11:59:43.108336,14.53,26.25
468,28.4140289444697,77.34436834019716,28.790147305473095,77.39335198346888,2025-05-10 09:59:43.108341,42.1,141.51
469,28.47496379179591,77.31287278970557,28.654486354304833,77.18229975104552,2025-03-01 18:59:43.108345,23.69,72.69
470,28.628760435235396,77.31629722748164,28.45090871795034,77.27944074117735,2025-03-27 15:59:43.108349,20.1,50.96
471,28.710746122314738,77.35072617561048,28.789264540958285,77.0525663454956,2025-07-09 10:59:43.108353,30.35,99.01
472,28.461091857777266,77.30762741435609,28.59236356818795,77.09423312276887,2024-10-19 20:59:43.108358,25.45,93.25
473,28.6499168203468,77.16225996692044,28.486587244345664,77.02912697977405,2025-05-08 05:59:43.108362,22.34,52.79
474,28.598799555052654,77.27645356990652,28.540375168097242,77.01692630750577,2025-09-11 12:59:43.108367,26.16,72.96
475,28.68862877368019,77.17652581618654,28.427521448201247,77.22054993832347,2025-01-04 18:59:43.108372,29.35,76.1
476,28.461203357684656,77.37336384222029,28.445625709005547,77.09424859826235,2025-09-14 10:59:43.108376,27.34,108.53
477,28.419976319931408,77.11855491702727,28.485515477273204,77.22025454874617,2025-04-20 22:59:43.108380,12.33,36.16
478,28.69253330020495,77.06268149115941,28.76717074240854,77.18673731461166,2025-04-27 05:59:43.108384,14.67,27.46
479,28.635846049061907,77.35089987173338,28.77935171989736,77.21939206101487,2024-12-07 14:59:43.108389,20.47,41.13
480,28.476000101012943,77.08212113677168,28.64323155003655,77.19312978277331,2025-06-08 18:59:43.108394,21.53,82.66
481,28.798520548113903,77.17995211036073,28.442529425690417,77.1053140175221,2025-04-03 23:59:43.108399,40.25,91.4
482,28.492771485795174,77.20012866014191,28.703928799504418,77.35106812375442,2025-10-04 12:59:43.108403,27.72,49.31
483,28.572332970204656,77.24807655864852,28.52592781859623,77.24815624344018,2025-07-19 07:59:43.108408,5.16,11.48
484,28.622086933888905,77.31672408505625,28.782704554522663,77.19763996823916,2025-08-24 13:59:43.108412,21.3,57.83
485,28.514556041239956,77.04503070364079,28.482156914653594,77.10285152319639,2025-09-14 20:59:43.108417,6.7,22.59
486,28.753039807491465,77.04934060119913,28.527115740684902,77.28868270921946,2025-08-06 17:59:43.108421,34.3,132.34
487,28.41405538783563,77.28770514942282,28.46302827631612,77.08288175995364,2025-07-07 04:59:43.108427,20.75,32.52
488,28.80721821444167,77.26260048609099,28.5215732380542,77.2912206130923,2024-10-14 06:59:43.108431,31.88,78.73
489,28.531004778405187,77.03400427615837,28.51338120137854,77.20914353150303,2025-01-29 06:59:43.108435,17.22,32.0
490,28.67608562371226,77.27537275063088,28.575160965466853,77.2165949715399,2024-12-17 08:59:43.108440,12.6,33.97
491,28.63922261974882,77.21986250931927,28.638767095261716,77.2952925842603,2025-08-18 14:59:43.108444,7.36,16.63
492,28.508537289936154,77.25474793844428,28.65781606038448,77.09533822799033,2025-02-24 13:59:43.108449,22.76,71.29
493,28.64291677581261,77.23228032130622,28.59651003552258,77.21136531736795,2025-05-23 13:59:43.108453,5.55,9.27
494,28.752417169009874,77.27822594176625,28.710068755009047,77.04037454564025,2025-06-16 07:59:43.108457,23.66,50.95
495,28.73252859352,77.05375894031954,28.64092769704684,77.3016271335738,2025-08-25 06:59:43.108461,26.24,48.81
496,28.773750346154866,77.13743494288126,28.700343381967592,77.03218659301366,2025-01-07 11:59:43.108466,13.11,24.88
497,28.51841238903938,77.20497644685116,28.781490586189783,77.38355244784569,2025-07-01 23:59:43.108470,34.05,79.33
498,28.693268921857864,77.21863891063178,28.49516603909644,77.18171933091809,2024-11-27 18:59:43.108476,22.32,72.75
499,28.809312665842132,77.03291698154436,28.795262714506585,77.07878310594398,2025-01-25 07:59:43.108480,4.73,10.53
